1566, 1, 1, -1
DVELDLVEISPNALP, 0
KADEELFNKLFFGT, 0
FLVALHLGTAFALLWYFRKRWCALVRGFFASFGGRRNDDAHMM, 0
RDQMRARIADITGVAISRIA, 0
RKRLQLLLL, 0
PGFCVGEASPLKSPGRRELGHGNLA, 0
TPEEDTMVMKPLPPEPAP, 0
SKDMRVQR, 0
IAASIRHPLHCT, 0
HPNLNLFAAGHDGGMIVFK, 0
LWKTLLKKVLKAYSPWTNF, 1
AVKATR, 0
WNGAGAHTNYSTKSMREDGGYEIIKKAIE, 0
LRRTRAASQSIIPVDTKLSAGITRIFP, 0
FEGTSGDGGDVIVTTELEHHANLIPWQELA, 0
QDGIYTAHPVRTFDPPGGVQLSQREPQSRHRETAL, 0
LNNEEEGASGGAVHSDIGSSSSSSSPEPQEVTDTTEAP, 0
KVFHMLDKDKSGFI, 0
KHRKHRKHRKHGGSGGSKNLRRIIRKGIHIIKKYG, 1
PHLSAT, 0
KEGDTGSPEVQ, 0
TFAEALPRTGAVAGLDLGTKTIGVAVSDGLRGVASPLTVI, 0
RLIVRIWRR, 1
QLEGVENANARALLGKFINVILALMAVLLVF, 0
KQKKPFELELAEKDALFLK, 0
TAINRSRRSRMRTFMRKV, 0
LTDIDPMWKLLITTGFCGGLTTFSTF, 0
SLREFNNVSLACGVHPLDFEEEPYDAERLL, 0
LQTVKTKPD, 0
DVYKGVIVRTKTGVVRPDGST, 0
QLIENVSIY, 0
SPWTNF, 1
PMKELREITAKHPWNIMTTSADEGQFLSMLLKL, 0
GLRRLGRKIAHGVKKYGPTVLRIIRIA, 1
GRDSPQDFVFQFKGECYFYNGTQ, 0
LLLFFLGTINLSLCEEERDADEEERRDDPDEMNVEVEKRFL, 0
LPKFEEDAFKIEGPDYFLIPTAEVPVTNMHRDE, 0
HYNCVSSGGQCLYSACPIFTKIQGTCYRGKAKCCK, 1
APEDQGPQREPYNEWALELLEDLKNEALRHFPRPWLHGLG, 0
SIVGPKS, 0
SEGRDLPHWH, 0
FINDLYLNLISDLAN, 0
ALQEVSDPLASNHEQSLPGSSSEPMAQWE, 0
ALFLEANAIGGRHGLGMSDQIENRIIEAKSRGIYEAPGMAL, 0
TAAIILEPIQGEAGIIIPPEGYLKKVRELCSEKNIL, 0
RLESLLAQADMALTSAQKEKLLGYVALL, 0
RLIVAVRIWRR, 1
FWRRIRVWVIR, 1
WNMVSLGLTVYRPTVIPILEEPWMVIKEILE, 0
SLIQREKGRLKLENKYHFIRRSSKNEISKVPSLSDKWEIYG, 0
LEPDHRFADVDAIVSMEVVEHIPLPNAKKFVENVLGT, 0
DEDFFFEIIQASFAQRRKTLKNNLTRFFKGVHDKEKIDHIL, 0
STRI, 0
LASGTDAIAANAAMLAALGAFLGHLFPVWLKFKGGKG, 0
EEKSLTIYA, 0
QAGVDLQTESNTAMDPAFLMQQMQWREMLDEARDDAAVF, 0
HNDTKTFLVWVNEEDH, 0
VLSIGYNPFYKNKTKSIEIHIMPPLSS, 0
VLDLAGGTGDLTAKFSHLVGDKGEVVLADINDSMLKVGR, 0
LFIWQVAVSPRFRGNGLAFRMLKELLEREA, 0
DIKSSSLRLT, 0
MGIESKVIPNASIMS, 0
LVRGEQGYGFHLHGEKGRRGQFIRRVEPG, 0
THGETVVPTVDKSMVSSDT, 0
KCNCGTSCTCTNCSCKCCKKSCCSCCPSGCSKCASGCV, 0
ELGPPLAERALRVKAVKLEKE, 0
VVLWAREPQVVDDI, 0
MNLVSLARLERNPTVKTEISQKGFGES, 0
LIIGGITIPHEKGLIGHSDADVLLHTIADACLGAIA, 0
LTSVASSLNNYTNAYGLPAGSNHPKVGAVIYNGT, 0
FVGHEAIINTLSINSENVLFSGADNGTLTLWDYKT, 0
LVVEILNEFGWKMFNQGELSTLEHAI, 0
RDLWNIRENYSSNAAIAKIYCRKRK, 0
VKNLRYVTSQPWPFPQSL, 0
AVDEQYDWLETEYTEAVAPSDSERVFEQY, 0
LDMSKLGDITLYVDCDVIQADGGTRTASIT, 0
TLISWIKNKRKQRPRVSRRRRRRGGRRRR, 1
MLGRVFNGSGKPIDKGPPILAEDFLDIQGQPINPWSR, 0
SNLVQHPRPILHYVHFDVSRENGG, 0
LGMCTFLAVSKKVKTSMGLGVAVIVVLG, 0
GISQAGFIPVGITGAKDKRTQNLASDAGFAIMSASKSPTQAPAKM, 0
QHEEYPCQNQ, 0
VAAISAAS, 0
TTRRF, 0
SGGPSEPQYPLPPELQPPT, 0
WFWKFVKFVK, 1
SPEAKLAGAVNTLSLLADGTIRGDNTDGLGLVADLIANLGSLQ, 0
PGITIDRFGNFLVLQLLSAGAEYQRAALIS, 0
LSASDKPKCYIEVKSVTLLDETGSAGQGYFPDAVTTRGQ, 0
STPGQM, 0
LPVGLLLLLIIWLRFLLSQDSEENDSSVCLDWEPWSKGPAEFCW, 0
RLCVLHEHLLTLSEEK, 0
INRVKPQGSRAKVMLFGEYASPGVSKIVDDPY, 0
IGLFLHSAGLFGLAFVGEIMKS, 1
FRRLFRIRVRVLKKI, 1
GKKKPAEINSRALEMLKAVGLDHRANHRPSELSGG, 0
QSSLWPMTFGLAC, 0
AVTRQDLTE, 0
ATLLLSLAV, 0
MPVESSKLLDGKGLAQKIQGELTAQIQTLQAEIGRPPG, 0
APAAAAPAAETAEAAAPAEPAAPPPP, 0
IASRIAAHAADI, 0
SNINDYEVVKSEIKNDGQVSLKTKKK, 0
ADGARTQSQPEN, 0
TGVALTTTNIASETYNLNALSYKPNAGLSNWNTIDQQSP, 0
LWGPEAQGDFTRWCQIG, 0
SVNLVQYSQKNPFQTYTEIGTKHFEQLVEDIATNSLKII, 0
PVASNYARS, 0
FVPDESAIKTDEIKVDKETLEMLASLGMSDTPGIS, 0
NMILRPGSDSKNYSITIRQEIEMPRIKHFKVTRTGNN, 0
RPDNMVHGQSGAGNNWAKGHYTEGAELVDQ, 0
PFYHLTVTDSRNPRDGSHKEQVGFFNPIARGQEVRLSVNQE, 0
KKRWWRRKK, 1
FQPKRPPVPGVE, 0
QLTGGVLHSKFWVVDGRHIYVGSANMDWR, 0
DFVRYHYVGTFLDGQKFDSSYDRD, 0
CTLQISYAIGVSHPLSVYVDLDGTGK, 0
EAAESRGHEVKVIDALRCYMNINSEKPQIHFKGEELVDYDAIIP, 0
TVDLTMRLGVDPRHADQMVRGTVVLPHGLGKTKKV, 0
IHLFFIIMIFMVYMYKKLDIHQKYQFWNYTMSGLSGHNV, 0
RLFKKLLFSLRKY, 1
IETAGGTMEDVTFNSIFITDWKNYAAINEIY, 0
KRKLEEDADSPSCFEEKPEEPVVLALDPKGHEDDSYEARKSFLTK, 0
DLVLYNTCTIRDSAQQKVYSFLGRQIKR, 0
EAFSAQVVACQ, 0
ALSAAAPVTDYMRQAADNLFTDSAAAAISMAFLAFLAAGLS, 0
LLVDAEQRLSDEGIGGDIY, 0
SYEEGRLSAAQIGDRVKYLKEGMEVNVIRWGEQVLE, 0
KLLAPLTGQNPPQETPPPAAESPAP, 0
SIVT, 0
LRVSRALIRSFNTTARNRFQNRVPEKQKLF, 0
ILGKSLIQRTYENISQSTTLDKVVVATDNQRIMDHVLDF, 0
PFATTVIKKLIDEKQGQVIAIGKVSDIYGGIGISKNIKSTGLYE, 0
FLLRIE, 0
KADVTKGLE, 0
IRADRFLRNMVRAIVGTLLEVGRGRLTIDGFRNVIEAK, 0
DDHGMVVSVFFWLLLI, 0
AIGCVVVNVHSEDIIEG, 0
FVLAREGGQEIKVEHEFESVVFPNAK, 0
YIGAKAKSINKALLETIAKH, 0
HSVRLRVYERGAGETLACGTGACAAVVAGIRRGL, 0
TAAYLTIYLCMNIGAFAVIIYL, 0
HPKLTMDGYCGEKHRGYVLSGAWRHAQLRSLNAELDTLEAREESL, 0
PIQYALTYPERLPGSFPKLKLASLQGLTFEEPDTRRFPCLSLAF, 0
GDGTQVGRPGYEFHDAIHHDPARGFWRETNRAGGLEGGMT, 0
RATLLAELPGWTDVDNRDAIQKRFT, 0
KIIETVKKTGSKVSGPVPLPTKKEIVTVLRAVHKYKDSREQFEQR, 0
IRWILRYWRWS, 1
KYIMGPKLSTLD, 0
VWIGPVLAQAFHPEKNYGWRLGYGIWAFILPTVSLPLLASLFL, 0
RLRIRVA, 1
IVRQRGTKFHA, 0
GQTIIEG, 0
PPPHHAHPPPPPPPPAHYGHHAHPAPAPVVHTY, 0
WAAQNVAESGGSLQVSHDIDSAYAGADV, 0
AIVEYRKIKR, 0
MAQIKITLTKSP, 0
NDSGSIIYVFDNEEDIKDLESIRLR, 0
DAVQLAGT, 0
IPTDSLESI, 0
EAFFAPAYTEQSQIKGYVWRSAVGFLFWVIVLTT, 0
AAPEGVKVVQEEHPDVDI, 0
VLTGNEFITACTALYA, 0
SDFEETQATFRQMGFDRVFDAETDPEEAIEMLREDLQLTT, 0
QTYLYVEKKDDFSRVPDELMRSFGTPQMAMLLPLD, 0
RNASQLSTMRSAIKKFKAA, 0
QFMGPSSYVGGTNGSSAMFSDAFNNSLIIMDRYFPSL, 0
ELAERLTTLGCKLDFNVVKDKTSSTTSKYLIEKQISYEENIRRT, 0
IDKKDGGVTVDDCADV, 0
AFLVILLLSMAAGGAVGAADDPYGAARAKMVREIEED, 0
IKLSNITKVFQQGARTIQALNNVSL, 0
EDAKIAIRNIRRKGMEQLGKIQKDGEAGEDEVRAAEKDLEKI, 0
LIGKEALFV, 0
YKNAAAGLNLGGGKTVIIGDPRKDKNEEMFRAFGRYIQGLNGR, 0
WESSLGLNPLPALAPNNVYSHNATVLTNRQIDHGDYFDAPAII, 0
MLAFPPDTHISPYKDLLDPARWRMLIQQFRYDNYRLHQLGNNSV, 0
TTALSLSY, 0
LGTGDEKYLKLLQEFA, 0
SIVRGVMDQRQRTDARAGAK, 0
TAEEKSLVTGLWGKVNVEEAGGEALGRLLVVYPWTQ, 0
VINLTSNDSQLGRSEPIEDTARVIS, 0
KALDAQNGGY, 0
PVSTQMKSCDDEDDYSLRGLLPSEGIVHLHSETK, 0
GVGTGIYLGRAWMSHPKVVYSYT, 0
QGKDILFVGTKKQAQEAIAEESVRAGMHFVNNRWLGGMLTNFNTI, 0
VGYQGLHCDTCKEGFY, 0
ELLLRKARELG, 0
ILNVNVPDLPLNQIRG, 0
KVCITK, 0
AESLCCSQEM, 0
DRKTLINKLMKKLFDE, 0
QKQPRLHDISEAMTG, 0
QLVARRVRELGVYCELWAWDVTEAQIRDFNPSGIILSGGPESTT, 0
QATQSNLTEPAKLGVKFF, 0
MERSGAI, 0
ISKPEVLTPQLARVVSDGEVLYMPSIRQRFS, 0
RCEHDAVLLTPQGDTQFLTIKALNEWDSKVANGVEWRQKLDTQRG, 0
TCDVLSFEAKGIAVNH, 1
LFGALGCLARYLLAGWVYAFVGRGFPYGTLTVNVVGAFLIGL, 0
ENGSKIVINRQEPLHQVWLATKAGGYHFNYRDGHWYCSR, 0
SAKNGGYDAVIALGTVIRGGTAHFEFVAGECSSGLS, 0
ERERGITIKAQTVR, 0
LPWKWPWWPWRR, 1
TKTITY, 0
LLVSKF, 0
TPDHED, 0
SGPKRESASYARIAGAIGLPAAQ, 0
WVKEEAPDILCLQETKCSENKLPAELQELPGLSHQYWSAPSD, 0
DVLATWEQQLSVTAIITQNTDGLHERA, 0
KLIALKAQAADQELEEAKNALCLLFG, 0
LELEQELTLTD, 0
RRRRSVQWCA, 1
EFARICKDLSSIGDTVVIAVSK, 0
VVFVETPEAGKVVKQGEGLAVVESVK, 0
PFLASKSLANNSQQSYRYDLR, 0
VEESDSMA, 0
TLAIRAVHQGTTMPDGFSIWHHLDAHGIPFKS, 0
SEACVAGALGIQLGGPNNYFGERVDKPW, 0
IANTA, 0
LGDFFRKSKEKIGKEFKRIVQRIKDFLRNLVPRTES, 1
RWIRVAVILRV, 1
VFYMGLVGLPVICEQLVAHGRSAQTPAALIQQ, 0
LGRDLSQCAVYGREGHT, 0
LLVGVVAANADIKVILITGVAGLMSGALSMAVGEYVSVSS, 0
VLAPGGRLSIISFHSLEDRIVKRF, 0
VTAIEDRQYKDYKIHWWENVY, 0
IEPREADDLVL, 0
KLLKKLLKKLLKLL, 1
LKACAALTREGIKTNVTLIFT, 0
KQRAMTFRPLSQFLFWTLVANLLILTWVGSQP, 0
EVLVPRLATTRLEGGPVIWRITFTGPSANDPVVSE, 0
AAVKRGVRRVFVAVDGGMSDNPRPALYGSRYAVR, 0
GVERTFQTHSKQVDSVAVKRRGDVRQAKLYYL, 0
DGPEGVKAAWDYAMAGGRVSHGRVIVEGFIDFDYEIT, 0
VDTSPDFSG, 0
SVLTPLLLRGLAGSARRLPVPRAQIHSKPPRE, 0
SACAQGEVKVALYRLDELEGQPIAHLHGACIDDQ, 0
SDLPEGPRTFVGIATFDSTIHFYNLKRALQ, 0
KGDSIIRFSVSLQQNLL, 0
LRTAFRTAVKKVLKAVEAGDKAAAQAVYQESVKVIDR, 0
LDCTVIDGNLKQIDAGSGSVVGVNNLNETFVLIDNVFTK, 0
AKKITENGTFNGHLNFDFRESHS, 0
PIARWSEKRFRLEH, 0
ITVFPVLVQGNQAKASIARSIQQADSLSYDVIIVGRGGGS, 0
VQRGIGYYLDALIALGPFCKSPLQCTLRGVTNSKDSPSVDH, 0
LKFSEELREQNEDVISEDHVARMDADF, 0
GTGKVA, 0
VKPLDYEAMKNLQLSIG, 0
NLIVCGRAEQDQC, 0
NYYEAMRLEIDPYDRSYILYNIGLIHTSNGEH, 0
GEVLAVGHGRILENGEVKPLDVKVGDIVIFNDGYGVKAEKIDNE, 0
GGADRAVPVLIIGILVFLPGFYHLRIAYYASKGYRGYSYDDIP, 0
QLAQCKNPYNCPHGRPVLVNFTKADMEKMFKR, 0
HNRRRRKPQHDA, 0
VRCIIPNHEKKAGKLDPHLV, 0
LFDVIKKVASVIGGL, 1
GERPITAADRT, 0
TRMYSDLPKVLHPLAGKPM, 0
AIGVVIDGVPAGLELTEEDIKRELERRMFCHIPV, 0
TLVSEIVEEYPDDC, 0
QRVEMVEALDPVDYARLGHAEDIFV, 0
GPMVGNNVSHANNKTKRRFLPN, 0
LSSRGKVVYLEATIEQQLE, 0
NLRIIRKGIHIIKKY, 1
YDDEEEEDDEDDE, 0
AHIREHGTQHSDAILTCDMHNAARFVNEVDSAAVYVNAS, 0
NPYLTQLYDALPDAVQPRFFSMREALLSRYDVL, 0
KCKI, 0
KLIANICLKRSREKYTGFVLTTNSAKKS, 0
ATLATGTTVIENAAREPEIVDTANFLNTLGAKISGAGS, 0
KLGLPILLFKS, 0
HIRDYFPITILKTKDLSPS, 0
FFWAFFHSSLAPTIEIGAV, 0
LIRLMAENKRLSAIPAVFEEFKHHVEEH, 0
GHAS, 0
YSIQLTFREQWIDPRLAYENLGFYNPPAFL, 0
GMYVMDQHAAQERIKYELF, 0
SSAPQTGAAS, 0
GFVYLVSGQNRTCHSC, 0
DELERRRKLRLARRLPPVYGREALKLTDAEKAALEA, 0
LHVNKIFEVG, 0
KKILSKIKKLLK, 1
SEVPVSQVANVNVEDARTLTVQPWE, 0
GISKGDSQSQGLATSI, 0
DHPDAISVIRLN, 0
EEAGCSPKTERYSWQCVNQSVLC, 0
RLRQHELPAMDFVVVAKKGVADLDNRALS, 0
ALNPQLQPTENVTCFACRAVVTPEAQ, 0
FFRLFNRGGGKNLRIIRKGIHIIKKY, 1
GVSVFANMLVTNFWMSTANMYSGMGGMGG, 0
VDKV, 0
GEDTWAAAKRELYEETS, 0
REGVEVTLKQLTGA, 0
RWRWIVRNIRR, 1
GMCYGLIALVT, 0
LIRTGTGQAFAGATVVNAGRELTVDLELNEGKSNRARI, 0
MGAYKRFKEI, 0
FYYAPESAEAAPLVAVLTSDGW, 0
RVVKAAADGPLKGILAYTEDQVVSCDFNG, 0
DGRGGQFKVVMSGLINKCGCISPRYSVSLDEMEYWE, 0
AGDGALSVLAARWGLEHDEDNLMALVLTPEHLELRKRDEPKLGGI, 0
EWQYEAS, 0
ATNVTVHNATCFSQALTE, 0
SLCSPGHERRGTPA, 0
ILLPSWWQIV, 0
IRRDDLRFDT, 0
YETDGVVLKLNDVALWPRIGATAKSPRWAIAYKYPA, 0
ELALGVPSLLSASTLSRPALASSFSNASTL, 0
PLCWEAYGELCSLGAAEEASTVFGNVASQRLQKTC, 0
FEGLRLKERTVSASAA, 0
IGSDQVATFDGLQIGKPGTHERALAQLQAMRGRDVEFHSALC, 0
KNTGSVEVQCAILTERIINLTQHCK, 0
RFVFPLIASLGMFILFSNYLGMIPGFFSPTANINTTAACAL, 0
KQLALLQTNSAVRTCGFDFGGNIIMFSTDKQMGYQ, 0
HRSRAGSRGHAAISPLTMASFSVARGIRSSNVYDDTDDEL, 0
MSSSPKLFHARPSFFTRRSTPLIVFTSLAIGLTGFLFGLST, 0
VNSACIAETGLIMG, 0
KSKEKIGKEFKRIVQRIK, 1
AGASGGNADEHRSSGND, 0
PADSGFVIACTH, 0
FLAADVVVIGAPFYNFAIPTQLKAWIDRIAQPGRTF, 0
PESLKVSFDLHDVGPKVTIVYEGILPDLFREGQGIVAQGVL, 0
SPAENAGKAYAVYGGIYIIMSLLWSWKVEATP, 0
RRIEIDPSLMEDDKEMVEDLVAAAFNDAVRRAEEMQKEKMA, 0
GWVYK, 0
LGTLLRPLNSESGKVLPGWGTTVLMGVFIVLFAVFLLIILE, 0
GKSKIEDYFPEFARYTTPDDATPEVGED, 0
TQGTKNEWKIKLVSKLLSQLGIPHQTYTYQYQE, 0
EDQILGQVRDAYEDARGV, 0
NSTANWMDWGPDFYAAAGYNGLSIKDHVHIGWMN, 0
LRKGNVVITGASSGLGLATAKALAESG, 0
AAQALDFAGF, 0
TALAEMI, 0
QNGAALILAPLIGRASML, 0
FGYRGKRVSPIPPKDKIDYK, 0
SKEQREKERSGKEKKAELQRKIKRWESTL, 0
HLMCGEVNLADFASADAGGA, 0
IVWVRIRRWFV, 1
GNTRMKAVLTNTADHDLSFLKFNTFFDDAPTQK, 0
GKRKSYLRISVLAVISTLMI, 0
PLFTGQRVLDS, 0
ITAGAKKVVLTGPSKDNTPMFVRGANFETYAGQDIVSNRSCTTNC, 0
ELGQ, 0
SRDVEKLRFALDTQTSEDIDVVSV, 0
DKSITVAI, 0
NLAYLAGPSFAKE, 0
VVRNRIKRYIRQVFLEMKDDIMPQKDYVIIARLPVAEMTYFEV, 0
AERAERTEKLERVTKSAEVSREGTILSQDELRDLEGKLMAIEIP, 0
VPAMRLMLDDNAYGLSRRRVTL, 0
TGEKTYECTKCGESFIQKLDLIIHHS, 0
MLMASLRLNIPVIFVSGGPMEAGKTKLSDQIIKLD, 0
VLINRYGFDARKHAAYINKILQRFENPYLHDDVERVGRQ, 0
PISRAKLSEMTGLNKSTVSSQVNTLMKE, 0
MYGIQSDWQQSTCVLGE, 0
RNLLPGVPGVGLTQIDSTSLRTL, 0
GEFAPGRCSDPFGVTKCTVGNSSVEPYV, 0
FEESYELFNMLLNESEMRIAAY, 0
WRWRW, 1
QNEKNSAQKSALRTVIKAFKANPTEE, 0
HQARGEHQA, 0
YNAATESQKGNVI, 0
FFWRIRIRR, 1
QDVIMEVVFPNEVGARILTS, 0
REVSGVV, 0
DTIQSKVLKAVIDQAFPRVKEYSLNGHTLPGQVQQFNQVFIN, 0
ARLIELEMRVSF, 0
SGLALPTLKDWIQNTLGVN, 0
ERHADIKRIERTIAELAQLFQDM, 0
FLRRIRVIVIR, 1
NDRNKRLALFLGIHKAKFRQAVKPG, 0
VLPEKGHVAPGEVVVGADSHTCTHG, 0
LVASNRIGKEIIETEHGNSE, 0
AAEALNGEALFVDRSALPEKLEEEEFYY, 0
MTKRTL, 0
LSVRLFANMLAGHITLKVFSGFVVSLSALGAV, 0
DAERAIDEVYSGIMAVPAQRLAGWLARL, 0
HWVQKLFNQRLSINPLVFASEKRTGNRNRALAYLLKS, 0
TPPHRIPAPCPWAPQRPTARRRLLHDLDTVDSRRSSI, 0
EFEGRATWGANFVDDMDMDCNG, 0
NVDKVLERDTKLSELDDRADALQAGASQFETSAAKLK, 0
SAIEKLNLIRDVIDSLEVPILGICLGMQLFATESTE, 0
KQLKRSNGIIIQYDDNAAVVIDQ, 0
VEIYHT, 0
KKEINLYINSPGGVVTS, 0
SSDSEEDKKPVKEVKPVASEIKKGKKEKVR, 0
VFTQEVAYELAEEE, 0
ANLTCLQQT, 0
SNGQVRGDSYSEGCLGQT, 0
NYIETLRVQIHANCRIRRVYFSDRLYSEDELPAEFKLYLP, 0
HLAPGGQVVFLSLDPVPASLPEGW, 0
LGALFKALSKLL, 1
NPVTQYEMPKIRRNFPDILTIEEVEKLLMGPDGNTDKGIRDKAM, 0
DEFHINYVDR, 0
FNAVFCNPPFHQKHALTDNIAWEMFHHARRCLKIN, 0
TNSTTTNAGSGGVSRSEKISLTIAAVVSQVLP, 0
WEPSLESEEEVEEEE, 0
SEVGMQWG, 0
TRAAIFNGFKVKGIYRGYEGLIAGEVKELTTEDVSS, 0
LSQSGQLYAEAGAMALGRVYTM, 0
FVSAKTKQRLHKLLPLVQLVSDNHAMRVQ, 0
INKLNDQINLEFYSSNVYLQ, 0
SSSLSVVEKVRFLTSLG, 0
CANDV, 0
EIEGDTHKLVETLKGHEGPVWCVEWAHPKFGTI, 0
TESYIHISTSIDLECKWKDYCGVCEGTGKCCDVS, 0
MSRTRQVPSNTASSSHIQLLSPAVPQENHSTVRISGTLR, 0
FFRLFNRSFTQALGKGGGKNLRIIRKGIHIIKKY, 1
KSTK, 0
KNAYR, 0
RKKRIAYILIVLFIILAMLMSTQGLVLGVL, 0
MFQR, 0
KKIRVRLSA, 1
TIYVSQPEPTRSQPMDQEPGPSQTPHIPVS, 0
GGWSITGGTITNPGIWSY, 0
TKNNSSLRQQLKWLICDLCRLYNL, 0
QPFSGPKYFWPRPSATPEFGYNPAGSGGSNAGPANPAYLKTV, 0
AVITL, 0
FKSLPNEGKYRTAIGRYY, 0
KKCQKYWPDSEETKTFGRVKVFNAEEVKYCGFLR, 0
EVARTYCGSHLADTLADLCFGVVKRGGAQYA, 0
MFETGAHAIMRVAATSDSLDKEERLIPWHKQTVVKVDLTEKTVL, 0
DSLKKVEKASLTNLTPELKASMDELRQAAESMKRSYVANDPEK, 0
QLRKAGKVTVRDTTLKRLGAT, 0
LGGLPPFLGFLPKWLVIQQLTLCNQ, 0
RRRLFNRSFTQALGKSGGGFKKFWKWFRRF, 1
MKKEGYTFDGFANCAVVSAL, 0
ERIETTLPKAKELRRHADKMVTLAKKNTL, 0
WWASYAYWFLTYSGVSNLKIMNGGRQKWVAEG, 0
NKIDNGIHLIYPERPIVIS, 0
GRFRQNLLGKRVDYSGRSV, 0
NPRLAATVPVAPPLSRRGLRSWHPGKTTPGCKAQRR, 0
YESKAFIK, 0
LGQHGVNIMEFCKAFNAKTQDQA, 0
TYTLRGLQLIGWRDMQHALDYLFADGQLKQ, 0
AQKQGVGWHDEENVSELAKKLPAVFSGSRILLGGED, 0
LEAESQLMEVGMPDTELAAVDEERLFECSVSCEIEKEGN, 0
VEKLVTLGKRGGLHARRQAIAA, 0
GVLYGFNNTPISITMDHNLVFNLQKK, 0
FYPSCSDYAREAIQYHGAARGTYLAAR, 0
EVEQLNVAHNLLSGK, 0
MRELGRKIKLSPPSVTERVRQLESFGIIKQY, 0
LQKLAGNSSNVSSSLQTSSSNKSSLLTKKSSFPALLKGFLA, 0
AASMSTAAHAINSEAEFNNRNVVKVVLD, 0
NPDLSQTKPGAFPSLLVS, 0
KFSIVKALQAIQDANVVIVVIDSHENLVEQDLHMIGY, 0
GTHYKLQLLYSNGVRTEQDLYVRLIDSVTKQPIAYEGQN, 0
MCTHPLDCSN, 1
IPMEHGL, 0
EPLSLLAFKIMDDPFVGTITFCRIYSGILTSGTG, 0
IRGRNAALAEMSERAKQLGANAVIGIRFDYSTVGRS, 0
KRHHGYKRKFH, 1
KTIKIFDEEIQKSKTIVWNGPMGVFEIEQFSKGTFEIANSLV, 0
APFLFGVRNQVHIIDL, 0
AWPFMASLQRRGGHFCGATLIMGWGQLGTNRP, 0
RIRWIFKR, 1
NICQAAVE, 0
TLAS, 0
FTPLLLRWSGKGDLKTLTKAEPASLTLPMQTLALYSGFY, 0
IGKKKYQKINLDEAEE, 0
GVATSDYLPVLNPATRQPI, 0
KKHLIDHFIPFLPLEYCHVRLCVRDAFLGQDLPYTE, 0
FLDPNIKMWAAVAVES, 0
KLCCISTDKTGSKKSDRKNKNKIKDYME, 0
ILKSFKNLRSIHSIFPFLEDKFTYLNYVSDIRI, 0
RVARRLRHVA, 0
IDSMIPIGRGQRELII, 0
PCGTTGESPTLSMEEQSRIIRTVKEEAGEQIM, 0
IEEFVPIPSSSAGPDDNVFVLVIDGESMIEAGILDGD, 0
CDSNLSFDAVT, 0
KNEPVEIKRARLLYQSRKRGMLENCLLLSTF, 0
QVYRHLDIGTAKASAREQALAVHHLIDIREVTES, 0
ETGGLKDTITAYNEYTGEGNG, 0
CIFCCGCCHRSKCGMCCKT, 1
AKKMAQLCDIYVNDAFGTAHRAEGTTYGIAEYAKVA, 0
TFQSRFGND, 0
KSVTKPVAKESKAEPKAKKSELAIPKNPASNDSCPSMEREANS, 0
GQSGGFD, 0
KNFVF, 0
MAALKAGRGANWSLRAW, 0
ANEVHDALME, 0
KRSCEKAGILADVRAREFYEKPTT, 0
SVVLIALVALLIFGPKKL, 0
FEAAGVGLDVKPGDIAFRCNFATADEDMIITDRRA, 0
LPERQALLRLSVPAGTSAREAVLLSGIAEAFPGLDVQGCP, 0
YLCDFTYYTSLYQSHGRSAFVHVPP, 0
QFVGKKLFDENHKPAIKIVKGGAPEGSEHGVDGLSGATL, 0
VGSTKYNRYT, 0
IINILMSIELMLLAVNINFVAFSVYMQELSGQIF, 0
QSVQGPNSAACGLFCCMFLH, 0
ISEKKALLQPGQYAAE, 0
GSELGQRVSGIMERGELVSDAIVIELIEQRLP, 0
RFKKFFKKLKNSVKKRFKKFFKKLKVIGVTFPF, 1
FFDSRQLKGAIFSIFVIAIAAAE, 0
GGGKKPWRQKGRGGARAGSTRTNVWVGGAVAFG, 0
KEND, 0
DWLSITPVRGIEKLA, 0
LVNYPSDPMLIDRRMYGDWAASGSKD, 0
QANELMKERFQKLKELQSN, 0
IGHTFAVHDGRKHVPVFI, 0
KKGQVLYTPMCKDDGGIIDDLLVYCLGQDKYLMVVNASNIE, 0
SGKPQFGDYQANGIMAAAKKLGLNPRE, 0
SSGMQAVVMALG, 0
TEGFSGNIALKTAEGTAKQIG, 0
FKIKKIDSQVSNSHDENLRDEITRGFKEV, 0
QVDMSEAQVEDVT, 0
TAQREI, 0
ELVGIVG, 0
LDDGG, 0
TSISLCTPGCKTGALMGCNMKTATCHCSIHVSK, 1
FAALREVIKQPLVATETLGNYDVLVNVHGGGYTGQAGAIRHGV, 0
VDDVVPHSILLEAAVELAKKDRPSSRPLPVRERILAGPLGRAL, 0
SNLQAI, 0
ARTLARKHKSTVRTFLKTAGSGFLEEFLMSEED, 0
FTLVLSACGFGGTGSNGEGKKDSKG, 0
TSAKKATRKIARRTAINRSRRTLMRGTVRI, 0
VFATRGYKNEIGPGIYDIHSPRVPSVEELEEKIRNLMLVLP, 0
AALLMPADGR, 0
REIENLEREM, 0
LMDIGEMILNKNPQNYFNEVEQAAFSPSNIVPGIGFSPD, 0
GKEFKRIVERIKRFLRELVRPLR, 1
AIPEGEEVPFRAGGYIQIEAPPHTVAYKDFDIPEEYHEDWDKYN, 0
DRLETLILLRA, 0
RKHPNEEANFLGNNFQARRPRNDDGQPDG, 0
NDKCDLDEQTLDVDYIILTHGHADHFGDVVE, 0
FTITEKGH, 0
FDQKSWIAL, 0
YSLSMS, 0
EASGLYTYSSRPRAVACQRRRHRDSILQPVEEPMSY, 0
IVEKSEI, 0
QAILYSAFDIIAQETGKDPMEVFEQAMKNIMPLLEVKARRVG, 0
WCFRVCYRGICYRKCR, 1
VLPRFKAEQMMPAIALIVSVIASVVIGGA, 0
FVYTSQWSYGHYYFESVCVILMFVMVGKR, 0
LISWIKNKRKQCRPRVSRRRRRRGGRRRR, 1
VQRVKS, 0
FGLKQFYQS, 0
LNIPVICYGLRTNYLGQPFETAALLLAIADTLEEVKTICHC, 0
PESEMSKIANISIAPV, 0
PVIGIGAGDDCDGQVRVTADLLGLTPHQPPF, 0
PGVGQGT, 0
LGDFFRKSKEKIGKEFKR, 1
PDLTFDKNEKVTDVEGEVAKFNSAIEASKVELTKIRNNAEV, 0
EGRDPLEDFKTINRELEKFNEKLSSRPQIVALNKIDLPGA, 0
TSDDEDQVGAGERDDFVQKQLTTPLLSDKNS, 0
AARLGIPGPAALDLNVVCAGFTHALATA, 0
EYRERIRLDAVKMTEYLRTKVEVNP, 0
PDWRARFGEAGGRLELEIGCGHGGFALGFARAFPERALVGIEQRR, 0
GNAGITVNKNTIPGETRSPFVTSGIRIGSAAL, 0
DIKVLIYAGEYDLICNWLGNSRWVNSMEW, 0
GKTLIAVLLLRHVLQNELNDRANGKPHRVSFFL, 0
HTSALPPSPTVAASPLARNEDVSVDQGPIAS, 0
LVRRTSFLKKLYRVPFDAI, 0
IWALSEILRSGKRPDLVSYV, 0
VTEDHIRVLNVASPEQVSVLRDM, 0
SVITSVVGQHIYSLAPYPYLAYDYVTTVALYLHHSWIA, 0
LWKTLLKKVLKA, 1
QWRRIRVWVIR, 1
DFELLVHKNPEGIEMGMGPFTHGSATHTDVM, 0
QWRAIRVRVIR, 1
DPHPHLY, 0
IGAVLKVLTTGLPALISWIKRKRQQ, 1
RKAHIQRIKERRAAKEEKERYEKMAEKMHRKRVERLKRKEK, 0
ARRIGGATYQVPIEVKPDRRQALALRWMTTFSRARGEKTME, 0
LESGDVA, 0
QIRAERRYKQLQAKGKTCILDEILRQII, 0
AGKRHLCRKTIGIG, 0
HMHDHNHRLRHHHRLHHHLDHNNTHHFHNDSITPS, 0
KAEIEAKTQALVQVSGKLLEMAQQQQAAAGGDAGDTSAKK, 0
KKIIENAVGDLTKIAGQKPVVT, 0
ARDWAEVRPEWALAGC, 0
QNVNSYGVEFGDRQAFSKLLRACGEIQGLERVRFTS, 0
ADGETHQGVFDIAFLRS, 0
EVAAIGITNQRETTVVWNKETGKPVYNAIVWQCRRTAAICEE, 0
KDGVTVAKAIDLKDKYKNIGAKLVQDV, 0
VLVKDGVAP, 0
APWTNA, 1
AMLAKFAEDDRIELMNAQKQRMKQLEHKRAVEKLIEERRSQF, 0
TIER, 0
LCEAQADLVKRAGKDPVDVPVFQDYQDD, 0
FLDPLAGAVTKTHVALETE, 0
MVDGHGFSP, 0
QLETVDS, 0
ADSAELPLFRYVGGPNAHILPVPMMNILNGGAHADTAVDIQEFM, 0
KASWGGGGKGIRKVHNDDEVRALFKQVQGEVPGSPIFIMKVASQS, 0
FRLAQEAVSNALKHSESEEITVKV, 0
SKVKKTLADRGYGVLGTSPVID, 0
AENLGDAEVVVLSTAIKKTNPEYIAAKEKHLPIVRRAEMLAELMR, 0
IHCEICGIVPVPYKDLPVTLPDDVNFDGHGNPLDHHPSWKHVNCP, 0
YDKLFSNKNTVCYVILVWALTVLAIVPNWFVESLQ, 0
SWMDGCKKCTCTNGTAQCETLTCSVPNCLSGFAPAY, 0
VALVGRPNVGKSTLFNRLTRTRDALVADFPGLTRDRKYGRAE, 0
WFTRSKFVRHALTWDSPWGRGYPGWH, 0
VSLFKHERIETTVPRAKELRPVAE, 0
EASGISANIWFEKVP, 0
ALFVDLPGGPRGQQA, 0
AEARG, 0
QGMFVIPFMTRLGITNSWGGWSITGGTITNPGL, 0
PLRAALRA, 0
GWRTADKKPVKNADLWQRLDTALQPHQVRWHWIKGHAGHDENER, 0
DRETNTLFGLLTRPKGHGMAALPGHPIMQRWWAHMGDI, 0
RWKRWRKKWKKLWKKLS, 1
WMLEHFDDHYVKLAQKRGLRSRAAFKLEEL, 0
KAGANIVANKSDLEE, 0
DLAPEISTVFLMPPREIAEVSSTMIKGLVG, 0
LGFLVMLTALSTLVLFSPDLLGDPDNYTPANPL, 0
VVDQRIEPVSFFVPRRSEEFQEDIYPDAPSNKPALTAE, 0
GSGNDIYEGTDRRTGSKKWTATRADLVFGSHAELRAIAEVYGS, 0
RFKKFFKKLKNSVKKRAKKFFKKPKVIGVTFPF, 1
HGYLLNKY, 0
YGPNLRGEKLSDEEVYKLLSLADLD, 0
SFRQEHSRPPVTSMSGGWLFRPLADGRTEIVLRHRFTVADDD, 0
SMFFIC, 0
ARIARCGPVAVAATAGLSNPAA, 0
ETMAEKYMGHAKPLSELQCALLEADILISSTGSSNYVITKE, 0
KIFGALGEAI, 0
RQEAVKRIAPIVDALLVVGSSNSSN, 0
DEAHNIVKECVDGVL, 0
RISFSESRDEE, 0
IEASATFTVMEPDTMRRMFTGELGPDNDFYVYSRH, 0
VLTPKRIIWD, 0
EQPIADLEAKIQELHTASMGPSINVDTEVRALENK, 0
WKKWLRKGAKHLGQAAIK, 1
VTGELKEMIFTNFAPS, 0
EKTVINLDRYGNTSAGTVPLALYEAVND, 0
LGSRSKAIGLARYVS, 0
QNGGDLGKFQKNQMAPDFSKAAFALTPGDYT, 0
IGKFLHSAGKFGKAFVGEIMKS, 1
RARKNRSQIVLFQKRRFHFFCSMSCRAWVSPEELEEIQAYDPEH, 0
LVCPASVKARGFLRVFLCQYSADLWAIGLSFFIQDGPFLVVRLVL, 0
KMQPHQFNNNNNPHQQHSFQPPHHQHHPHQQHQQHQQHQHQHQHQ, 0
ESHDAAELDAALTLRTPLQGINNRNLRTFEVSLDTTLSLLPK, 0
IQSTGH, 0
DQSVELT, 0
INHLQGHFKEHKHDHHSRRGLLRMVNTRRKLLAYLKRTENV, 0
FWRRIRVWVIR, 1
GVRDHPGQHGKT, 0
YKHQGGRISVLVVLKNDCPSVSEDIAMHIAASKPQFLTPDKVDP, 0
DCATCVARAVSQVG, 0
LDALKFGAPPHGGFALGLDRMIMIMTGASSIRDVIA, 0
NGGKEKPSILSDALEAIIGAIHLEAGFEFAKTIALRLIEKNFP, 0
NEINKTY, 0
SGKYNGYAPS, 0
TLDGPEL, 0
LKQYQ, 0
GIKIEAPKPTEIIISGADKQ, 0
IDDAAGEAFDKTAKLLGLDYPGGPMLSKMAAQGTAGRF, 0
LGHQDIIQRALELVDRLVIGVAINRDKSPLFALEDRVA, 0
IKDLLGIFLLLLALMILALFFPDV, 0
GLGKEVALIT, 0
ALSRETERERELKEMGYAA, 0
GCFVGTAEALRCQEENYLPSPCQSGQK, 0
FAAAGIADSPIVLQPTKNAEHGDFQINGVMGAAKKAKQNPRE, 0
VCNRTNFAKGKNVKIVEEKLIKVVPSIFKLNFHSWFILHGRYIC, 0
TPEIKVLNK, 0
PENGIKMLREHFEVEVWEDEHEISREVLLEKVRDVDAL, 0
RLIRAVRAWRV, 1
GKTITLEVEPSDTIENVK, 0
LLKVYPPLRDEEDRRYLWENLKSIPI, 0
MLVIIGGTSNIIDRMLYGAVFDFIDIYLIIFNLADLYIFVGTI, 0
VTTVYDIDVTLRGDLIFIYFAGRG, 0
NMPVYLTFDIDCLDPSFAP, 0
ISNYWDEYKRRVT, 0
GVYAELLMKRI, 0
KDYLKPDDSRVIAHTKLIGSGEKDSVTFDVSK, 0
KAHYV, 0
PGIGKKTAE, 0
GIVDTFGPDV, 0
TERAFTGEYT, 0
FHFDRMNMGQPEPGDWNTFLQKFMEGRNVFGPWYDHVNG, 0
LKDI, 0
ALMGENGAG, 0
TASLDKLAAQEGVSRAELIRLLLNRALTTAGDDLASDLQAIN, 0
GQQAKTGQIIYRQRGNKIWPGKNVGQGK, 0
SALAQFTSI, 0
AISGLV, 0
FKRVARVIW, 1
GIVQARFNEDHCVALTSAC, 0
DRLFSKSIYRIFKHGLKRGPSTEGVPES, 0
ARPDVFNHNLETV, 0
LGFSAQALIAKKLGLSRAGAI, 0
LWLPKAHVEAPIAGSMVLAAVLLKLGGYGMMR, 0
RYILPALTLSMTVTK, 0
GRHGAAKVMLLPAPEGTGIIAGGPVRAVVELAGFTDIYTKSR, 0
AAPRVRTLYEEQQLNMLTVNVILDDLKTQVAAMQNS, 0
KEDKEAVENAPSILDFLDEESQAHFD, 0
NQFLKGKGVLENQGAAFNKAAQMYGINEVYLISHALLETG, 0
FWALVANLLILTWVGSQPVEHPFIIIGQL, 0
ECFWQFADQMGYLYFSYEVQR, 0
KGKLRFVRNCFPHKGYLWNYGAFPQTW, 0
ELGVVVHSLIIGMSLGASDFPSTVRPLVPALTFHQFFEGIGL, 0
LEPRSASHYLLSDQKSRLVEEKRRAAKLA, 0
SKVFSHKGNL, 0
EDVNDFAKNLLAAKRELTYCSICGNLTDDDPCHICTDTSR, 0
RIVQRIKDFLR, 1
DVAWVPGAFELPIVTQTLALSGQY, 0
LFGLT, 0
QVIEQHDAKVYGKEPPGTPPMTVPHLDTRYI, 0
GCKVT, 0
RQLELQREAAKRIV, 0
YIKLAEMYSRKGRIKIPLKYKRMFCRKCYTPLITGVTER, 0
ELNAGERVAVQDGKHDPLDFVLWKSAKPEEPADVKWRSPFGEG, 0
FLTYIRDFQKITLRVEANLH, 0
YFILPPNQLTAAALVIQYWISRDRVNPGVW, 0
DAIQAA, 0
FLKKTGGSD, 0
KGLVLAVMCGIFSAGMSFAMNAA, 0
PGPAATGAAE, 0
LGDFFRKSKEKIGKEFKRIVQRIKDFLRNL, 1
ALEDEGFFVVDNLPLVLLP, 0
CLIIFCSCPTVQASKLCLGWLWGMDI, 0
TVTGKHGASSVLMLPAKDGTGV, 0
GLFYWIAQCLGSTVACLLLKFVTNGLSVPTHGVAAGM, 0
LLYFLVTRKNPWVFIGGLLQALITALGTSSSSA, 0
LDEEAIKFLEKLDAERIIVLAPYHISKLK, 0
CIGQYFAVLNGADALVFTAGMGENAPLMRQDV, 0
KALHGPLPLCLLKGKRAHSKSLDYLNLDK, 0
EYNHASTKNHN, 0
PTKERPFVLGLPTGGTPLETYKR, 0
QSEAGGLPRGPAVTDLDHLKGILRRRQLYCRT, 0
LGADTAATAREILA, 0
DVKQQYVPISYSKDPS, 0
SVKTRPASKKRKKEAEESAVCAVEDM, 0
IKHFIHRFSATRWRWRWF, 1
KSDST, 0
LVAPVEVPADSTSPTTPMPVAIGGVVQALEPRSSPQQ, 0
TGDKIINSYSGLLTTVG, 0
TGEPLTQREDDREETVKKRLEIYHAQTEPL, 0
KGLDAILKKVGEEATEAVVAAKGGDRSQVIYETA, 0
EELKSLEISREKLEEEIKILLLPKDPNDDKNI, 0
MPDIAIYHSADVNAFATGA, 0
FFVMKSSFG, 0
FNKKKHPK, 0
GQQTQKLEHPNLTQLMDHYLRIMSQVDMHKQTVSWKQWLSLKSP, 0
IWVIWRR, 1
KCRRWQWRMKKLG, 1
SFFLQVPLRYPIIHKGSRSTIKDNINDKLTEKERE, 0
KEIIVTWSRASTIIPTMIGHTIAIHNGREHLPVYITDRMIGHKL, 0
GPSQIGEVFVES, 0
RIFELRGYQVLRLNHVGDWGTQFGML, 0
VTNADIAEELTKTGFKVTKAQIRMPNGPIK, 0
TEFTTLEDSGLIEYINSLPGLLEF, 0
WFWKWWRRRRR, 1
AEFLKSGSEAARDAKLVLVGS, 0
MQINKYSRFGFKPSQPI, 0
LENVMMPMLIGHQNKTEAKD, 0
KEYS, 0
QFRIRVRV, 1
DMSSNSESGDISILEKQNEEL, 0
MALAAAAAAA, 0
CSNAVTRVLNK, 0
FGALAERDPSIDLDIDKNQKAIIHSRENIILESRLAGHMAQGR, 0
SGTEVK, 0
ADQEQQDPLEYLQSDEEDDEKSGAQRRLQEQRERLHGALALIELA, 0
SNNTLDAITADFDKIE, 0
DDGSKF, 0
LSRWSVGGQEQLLTP, 0
IAKRIE, 0
CLLAADEDDDRDVALQIHFTLIQAFCCENDINILRVSNPGRLA, 0
AVKSRTSFSKISSVHLCGRRYRFEGEGDIQRFQRDFVSR, 0
VGGFGLHCAKALQEKNENVQLTGIEIS, 0
GGRLCYCRRRFCVCVGR, 1
VVMELCEGGELLDRILSRGGKYTEDDAKAVMIQILNVV, 0
QFFGLKNLSPSASQYVE, 0
IFAMSDRISDQSGEARDEH, 0
NNFAEMVDVLAAKQEQSGVK, 0
KKRSFRALWIQRINA, 0
AVEK, 0
TSPEMGVSFSTPFPAIENINDERAYQY, 0
WGSFFKKAAHVGKHVGKAALTHYL, 1
SHLGHHALDHLLK, 1
KKKKKKKKKAAFAAWAAFAA, 1
IATLVTDANLNILAEGPVLAVHQSDE, 0
FCPCGMVEFTFVYAAVAWLS, 0
FELTYRNEGVWPIRIGLESFTYYRKVHRPEVF, 0
KWDAWAQKNVPVPLVIGHEFIGEIAEFGKNVKGFKIGE, 0
DKVDVYSRRAGQP, 0
ERRFYFNLPEVQKALHANRTHLPYSWSMCSGVLNYSDID, 0
PLADEVITKGGLALSSRGELYTKDTIKARLNIRDFMETMRSSG, 0
LFRLQSDEAKERIFTNTANAMDGVTE, 0
PMTLL, 0
LISWIKNKRKQRPRVSRRRRRRGGRRRRC, 1
VEVVIPTAGYITTTLTSGSSYPVSTTTLQTVSGTQSGLVEVIT, 0
WRRFWRR, 1
FFRSGFESDSFCCTTLITAYAKL, 0
NFGSLLGICLMIQILTGLFLAMHYTSDTATAF, 0
NKATGYLRHLLAQATVLRYVPKLEFVYDESIE, 0
GNNNFQEHLEHFVSEQGNHFQVVFDRLGINQYSIDWSKA, 0
RWWKWWRRC, 1
VKQGFEGSLRARVGYDLNLV, 0
MQPVVTLMHKRIIPKIDAFLARGDRKIILLYKECNTVFAD, 0
ETVVEIKMKVGQTGHTFGAVDKADIAKALKSQFGLKLD, 0
IVLLGTEVKSLRE, 0
IKDIYKIEVLFLEADDDTILLRYKETRRPHPLSTHYNDLH, 0
SFFV, 0
TLLKDVP, 0
VACPETDHTELFKKIFIFL, 0
NAHEIGANAFAL, 0
AEIL, 0
EYGAEALERMFLSFPTTKTY, 0
RIRVRV, 1
MRTLLYTAAVVCQKNDIKYIRSRIGLTSSA, 0
HFNAEHQHTRKKSI, 0
RVYPL, 0
RWARVARILRV, 1
NSEHMLRELGKAGATRWRGVRPTVRG, 0
ALKILDQHGADIIELGLPYSDPLADGPIIQAAS, 0
ESTRSVLH, 0
GLVNPKCQNLIGSGVVVYLPAFFSELEKLEQKGLKCR, 0
IPLVYFTVVGSSNAVNLTDGLDGLAIMPTVMVAAAFAL, 0
TKSLKFATEAAITILRID, 0
LSENGAFLAEESRQRLAEVALAYAKAGCQVVAPS, 0
NISTLAALIVAGAGVPVAKHGNR, 0
QVPPIVLRCEECGQETNLSGADVMDN, 0
GTYKETFLLHYN, 0
RFDHMQ, 0
MTSRG, 0
AIFEKLHTYVSLLALPSTKPEGLLRTNYSLVFTNIAASLHGSH, 0
GMRRRRRLQQEDGISFEYHRYPELREALVSVWLQCTAIS, 0
RDLTIGQMQGKFQTCVLPKVGHCVQ, 0
LPAAKGLCKAHKPAFYYNKDSHRCQKFIYGGCGGN, 0
IWKKWIKKWLKKLLKKLWKKG, 1
KFVTHTGVGVPLRVSNVDTDQIIPARYLKSVKRTGFADGLFSNW, 0
PKPTEIVVSGINKQQ, 0
KSKEKIGKEFKRIVQRIKDFLRNL, 1
DSHSRHYQFTGLADEADRGSLALLSDALHQEGKDLEE, 0
EELKHLLSRINHFEKIQIIPKSSWSNHEASSGV, 0
QFMDQANPLAELTHKRR, 0
WKLFKKIGAVLKVL, 1
AMNHGGPLVGLLTCLAHASPC, 0
IALYFLSAPQIAVLFVVMSIIVFIKHRANI, 0
ATSVNIACGFHAGDPDIMH, 0
GRHYSSAPTAPQNSGNIATAA, 0
QDKQLVTWRL, 0
FKSHGKDNHSRRGLLKLVSTRRSLLDYVKK, 0
SQALERMREY, 0
LRHPEAKSSFDDMKTGTNFQR, 0
APWTNF, 1
KRHHGYKRKFHGGG, 1
QYHRLGGESVLRRTLLRFAECAAIDVIQVVTHPDDAPLYEQAVAG, 0
VLTFFWLQEHTDNTLVSGGLAAAMANLVLIAYVIMAFQE, 0
WDVDTVCKSVIKTGRLLVSHEAPLTGGFAS, 0
QPMNFVSSRVEHQVKYLGIL, 0
TSAKGLGDPEAYLLKLHEQ, 0
QVIMKGKGIFMYPALNGSPNGKLRLLFEL, 0
FSMSNKCLGERIIETQEMDGEKINTTKIVSY, 0
IASITRNKVALKGPLYTEILSGSQSRNMELRKALDLYAHV, 0
GGSALKEALESNSTGVDYE, 0
KIGVIERLLEKVDKLLLGGGM, 0
SGYAVDTEPYSRAEI, 0
DLRAMIDTTLTIAPGETVLIPTGIAIHVADQGLA, 0
LAGFSRLC, 0
LIRAKQFTVYPL, 0
MILWLKGVVFNVTTVDLKRKPAD, 0
VNGKVRGALKVAKDASRDAIEAAAVADEAFAKFSDGKPA, 0
LAVGVIIGAAFGKIVSSLVADIIMPPLGLLIGGIDFKQFAVTL, 0
GIDSA, 0
KESGIPVIDDIITGFVGPLAGMHAGLSYASTEWVVFAPCDVPAL, 0
KKLLLLLLLLLKKK, 1
PRQNTPAPT, 0
LMCIRVIGTSNRKYANIGDIIIAVVKEAVPN, 0
TATRAVNIRQKVKAPKQA, 0
FLLTCLSI, 0
AFLERFAQNPKVCKSIHMPLQSGSSAVLKM, 0
VLVTLALRRPFPSVVAAPSPATVA, 0
IKHFIHRFGGGFKKFWKWFRRF, 1
AIITEGLKAVAAGMNPMDLKRGIDKAVIAAVEELKALSVPCS, 0
SAVNWRPINYRAEPGSVVRDSLAQVAMGADA, 0
EKCGGSDSYSVYVDESEENDDDSSSAQSSHSS, 0
DGELIKSVEGVELLKTQLMLETFDTTPQMTVDVEVIHDLNSKGD, 0
FSYDHRLLDQSVRKIIKSSQDSGAKVKGPIPLPTK, 0
KIKIKIK, 1
PYITCHRTPNLSSSLPCSHLDSHRRMAPTPIPTRSPSDSS, 0
DPGLSPYRTFTRAEWAQLREDTPMTLGAEEILRLQGL, 0
KRLIGRKYDDKAVQEDIKKKVPYAVIKADNGDAWVATKEG, 0
DGEHGTTGLQIRALLAERGDLEIISIPTERRKETA, 0
PTNIFVGNGSDEIIHLIMLAFINKGDVVAYPH, 0
SSVHEACVAELLASANIVQDYSSLSEEEKCQVL, 0
ENIGQ, 0
HKLAEKYGVSIRRH, 0
LANDA, 0
KTDNLENSEE, 0
TFPETIPYIDPPLAPYLKKYGVRLIGIDLPSVDPLTSKQLPAHHE, 0
LCRIVVIRVCR, 1
VASALGVQRLAKRGRVSPDGTRTPAVTLLLGDHGWVE, 0
DDHPQVLAAKKVGAKLLTYPQAVEEVIRRHF, 0
GEAITYGMIYALTMSETIYGLDFDLAEFKTWLEQLGYDTTF, 0
QAGSQMTEVCAATYTVEDELAFLDDSTCTGT, 0
KTELFLRLAKPNEQGISRWVKTS, 0
IAIVAVVIFLLNFLTPYGYMPMMGYGGGMMGYS, 0
RQALLNLEAESKIFRKDRKGWFVTQPRFNYSPELSASF, 0
KKVIVIRRWFI, 1
SPAASDK, 0
SATLGNKANKDIA, 0
YGALITAVPLI, 0
IIKLGWESYFKLFPNFAKLLGANVDDYKYLSHTTAKFI, 0
AIHDPAGLEGPP, 0
YTGNEDMRKFILDGELTVNNIKTLAEDFLADKLKPFYKS, 0
AGHMDLHSRHSSIDLPQLAGWAADIGA, 0
TQIAFQKSLPVLLGALLLMAVSIFMITPYS, 0
KFKDVFEAMYARSYKEKFESLGIWYEHRLIDDM, 0
DPLAKSKIERVNMPPA, 0
RRRAERHLEKGRIVIFAAGVGAPYFTTDSGAALRAAEMKC, 0
DIILVGLRDYQDNKADVILKYNADEARSLKA, 0
AESDEIAAIVARMTLIHGDARALLPTLQADVVTVDP, 0
YYWVDLEGLQVETVEGVKL, 0
EDVKLLMVDPKVVELNIYND, 0
VAVLGEMNLLEQVKVVSLAKQREEIFLPGESSPLE, 0
PRCFQPPPKVQSEVIQIDPLPADKRL, 0
DEQAIAWFDINDVVSAPARLDWAKLNHLNN, 0
LIHYYASGENWIFGD, 0
PIPNSGTATTTAPPPTAPQQPQPSHAQAPTSNDDMNSL, 0
IKWILKYWKWS, 1
DYPIISIEDGCAEDDWE, 0
LGINSLQELKQNIAKGWQDVTATS, 0
GTNTSLVAPI, 0
VNEAIKNNNT, 0
LKDLPSVSGGGPFPLLP, 0
VLPVYIGDDRTDEDAFKVLRRRGQGVGILVSKHPK, 0
TYLLFNGETLLPNGVRAFIYTVVLAY, 0
FSAPRVALVEQDAPMAP, 0
EKINCEGTIPRDLGVGEQITTVSAIDADELQ, 0
TTTVDMSRTYLE, 0
SFISDDTFLVRDSNGDSFSIYFDIENQIFEID, 0
PAFRKAAFRVMRACV, 1
AKVVAEVIKQGRQRKIIVFKYKRRKNYRRKQGHRQAYTK, 0
RSTFMVEMT, 0
EVLSGIRFGKTIGSPI, 0
LGLIAFALLILACSYWRLSGYLDGEENQSRERDLEVGD, 0
SHGICTKEALQKLVDAGVL, 0
PQQLEILRQQVVSEGGPTATIQSRFNYAWGLIKSTDVND, 0
LDEETIVDALNNFHESHKAEYGH, 0
KTGKGVHTTTSSAMFQLPGGGYVIDTP, 0
PPVRNPITFLDLNNLWRTVDDMGREIP, 0
ISGIFLPTPYTGFRAMRAGLLTDTYLECHYVSQIIKNYTN, 0
EICDDYPSLQAMGWPNNEVGSMKIQCGAWVCYQYPGYRG, 0
KEEEMRAAHQSSLLRLREKALKEKTKAELAWLE, 0
SASNTSGQEQNLSQSMSAPAKPENSTLSGCSSGRVQHG, 0
AFKYTRANNRTERDR, 0
HDPFAMRPFFGY, 0
SAVTGSDTWVGECDYACENGKNAIDAC, 0
DTFEEFSMEEFD, 0
QTPDL, 0
DGVGTKLKLAFALDRHDTIGIDCVAMC, 0
GTEPVAFQDICTLLSEVLECNAYIVSKRGKVLGYTFSPGFE, 0
PRRGHLPRFHPRTWVEP, 0
GGKVKYAIVQTYGDTTHTFVEYLGPYKGLFLPGYKEPLFRDPLL, 0
VAVRGL, 0
LARLLPRL, 0
EAAKQLSDIMGEELRAAIAVLGENMRIRSIAPLV, 0
IGRESPNSLYSLKHVTFE, 0
HLVSHALFKSCLFMQVGYIIHCSFGQQDGRN, 0
SLPSIPSFV, 0
EEGSMQIDPELEAIKARVKEMEEEAEKIKQMQSEVDKQMA, 0
GTISTTIAKQVFERMLETGDDAAAIVEKEGLAQISDTTEIE, 0
ITRQAIAKH, 0
AYVEHFIQGDPDLAKLPVLSAAAPFKVG, 0
MKTRLRP, 0
VAVRAQQLA, 0
LWNTMPCHTHERRMEVYFYFDMDEETA, 0
VLSIDAIQEPEQIKFNMSLKNQSER, 0
DIIARVRHGGDSVVLELTQQFDQHPATTTQALELSKEALAEAFAN, 0
KEFNSLFVEGAGGLAVPYTEDALVIDFAKELQLPLIVVARPT, 0
LCVLQGLRE, 1
FIDLPTPSNISSWWNFGSLLGM, 0
HAKPIY, 0
PLDAFEQGQVFLGSNEQGYEVWEGLPQGIRGNRWKV, 0
KDPRIGSKTPIPLGVTEKVTQQHKPKSEKLM, 0
IAIVGCL, 0
LPVEDVFSITGRGTVASGRIDRGTVRVNDEIE, 0
WKTLLKKVLKAAA, 1
EWRRLPNIVSHIHLPYLQASQQIMELHE, 0
GLLNILKKNNSTGYPRTEGGPSSEMPTS, 0
LIKLIGFAAATCTTVAYAPQFIKVLKTR, 0
VDGETISRV, 0
AFQGFVQTFYDDHLGDLGSHTQAWLHSSKDSLLN, 0
KCEFSNDCEVIARKRFREV, 0
KLDVETGATV, 0
ALPAAGVVM, 0
AQKREALEN, 0
SNSIRLTTRQTFQYHGIPKRNLKTLIQGLDRAALDSIAA, 0
PVEPAPPVVEPVETTSASTSGV, 0
EHVSWWPD, 0
IGCGSGLIALMIAQRSTPEVMIDGVELEPEAAQQASSN, 0
VNGKKIASLGLKIRKGCSF, 0
FWRRIVIVKKF, 1
VAPETMALM, 0
STGVFPEQTSCAFSCSSQRASGYGSASTGAPVSSSSSVSL, 0
GGGISGQAGAIRHGITRALMEYDESLRPVLRAAGY, 0
FQGRTDGKLVESRGPTAFGWDSCFEYKG, 0
SSLGMGRPFTSEKHFRRARGRKVELAAVGRIPADRSNWGDV, 0
QIERLQQHQGNTITVR, 0
RPIALIGGGTATIGDPSGKTDMRKMMTNETIAHNVACI, 0
TLRTIAHILKEEGILALYKGLSINYVKVIPTASIAFYTYE, 0
VGFSNLDSLIDATVPKAIRLDSM, 0
GGLRVMNYATLLRTFPERAVEKAVKGMIPHNSLGRKM, 0
GFTASAVCSVTDTPP, 0
AEILPFNVSLADIKAKEPKGIILSGGPASV, 0
QQHLSG, 0
QCIVVGIDTWYDA, 0
FDQWGVEL, 0
ALTLDDSLKQYEVAVAKMRQCYQLLDVAERKISVLAGVDAEGR, 0
FLVALVLMAAFLGQTEGRRFKKFLKKVEGAGRRVA, 0
AIAYDAA, 0
VNYAQMRHAQVLLRGLRAVSDFE, 0
FHHTEVAEEQDHAEAARAVFRKFRTPGEGEAMILEANAFVERVL, 0
QIGFTGSDQQVLEKAWR, 0
KVKAELQQAKLYYGGGISNVKEAKEVAQYADTVVVGNV, 0
MPRDAAEHG, 0
GLRDGICWT, 0
QAIKYEQAGASAISVLTDQRFFKGSLN, 0
LEGKDGCFQSGFNQETCLTRITTGLMEFQLHLNILQNNYEGDK, 0
ELLRFAAEGERAAAGEPHYDNVAPCLLGGFVIWRFEREYVRL, 0
ELKVAITAPPVDGQANAHLIKF, 0
LASKAWNS, 0
IISAYNFSRDELEDIFALTDKYSKNLNDTRKILSGKT, 0
LILPNKQKN, 0
VTDSELNILAQGPVIAIHQS, 0
SDKTGIVEFAKALAERGVELLSTGGTARLLAEQG, 0
PENSVTALIGPSGC, 0
NELNAILEFVEQLAD, 0
LLLVYYWSKNRKAKAKPVTRGAGAGGRQRGQNKERPPPVPNPDYE, 0
SHPSLRQHHEYKANKDYERLEFLG, 0
ALLAADETLNFIGN, 0
MEADADDVVTNEDG, 0
SRRVLNDISLSLRP, 0
IGATIDAV, 0
SRRHAT, 0
NRVLSMVKRYYDGVVPSPKEAIFNDEDKNLI, 0
VPAQINIAEVRKPELDGQLVADSIASQLE, 0
NLGTGGAVFLCVYF, 0
VTGIKVIDLLAPYAKGGK, 0
IEFAGEAIRGLSMEGRMTVCNMAIEAGARAGLVAVDEVTLDYLE, 0
RYVSQ, 0
STILPMMIGHTIAVHNGKSHVPVFITEQMVGH, 0
YKAFQIKLERLEKLC, 0
KLKASEIRQKYLDFFVEKGHMVEPSAPLVPIDDDTLLWIN, 0
APIFDVFLFGTHDNPVA, 0
IQNHLGLPIYLHEGDNAQSGFLVESWPCGF, 0
LHFIALVHVDGHLYELDGRKPFP, 0
LLYSDITRPGGNMYT, 0
GKARGDEAYFQRSSLFWVTIIILSFGYYTWVIFWP, 0
CSLGFSIVHGHEVENIYYNFDALNIPENHPSRTEH, 0
EPQPVETPGVAEPLIELWQSDGAAPAATST, 0
DENQDGFIDENELKHVLSLLGYDECTKMECRKMVKVYDENRDGKI, 0
ARSK, 0
VASFDKSKLK, 1
HQKVQVLGQLAPLNSSGGYLVTPIVGLLP, 0
TAWCPRRDEAYLGVLVDDL, 0
EDLDIRLSGQ, 0
TRIQGAFLSDKEVEDVVNYVISQQKAQYNEEMIPDDIPEVEG, 0
NNICKGILKYADAGGVR, 0
QKVQLADAYLRHIGIYAYRSGFIK, 0
SALEARGERLEDQVHALVRGLLAQVPSLAEGRPWRAA, 0
RVLEDLGYYCVDNLPLPLIGSLLEQ, 0
ARRFGQHSWQFPQGGV, 0
QGLLHISEISNERVRAVSDVLKEGEII, 0
AMPAKRRKDGTFKDIAHPLNSDTREKMERTILAEY, 0
APVEEWLREGQKKVVLKCKDKEELLE, 0
KRANKIQIKKAVEDIFGVKVDKVYTMNYKGKPKRMGKY, 0
EAELNN, 0
FLYKETWN, 0
GAVLGGHLSAASALLRYQAVAEGSGLT, 0
SIFNRSREKTEEVIAENPGK, 0
VWVFPKDEDRANVGIGINSDNPQTAK, 0
SAEVESRFFDIREE, 0
SMFREVLPKQGPLFVEDIMTMVLCKPKLLPLKSLTLEKL, 0
VKGLLGQAQTTVDRQTACTCLKSAASSFTGLDLGKAASLPSTCS, 0
KAKKRRPDLDEIHRELRPQGLPRPKPEPDAEPDPDLPGGG, 0
SRSRSRYRRRRRRRSRHHN, 0
IVWVRIRRWQV, 1
LTATSLARIRD, 0
KLLKKLLKKLLKLL, 1
LREKLEALLPQH, 0
SHAKRHHGYKRKFHEKHHSHRGY, 1
IINTLQKYYCRVRGGRCAVLSCLPKEEQIGKCSTRGRKCCRRKK, 1
LLFLLKKRKKRKY, 1
ADGFAVL, 0
YFQRSVV, 0
LYLIRGKGCKLTEELLKIEIENCIKMIKFNEET, 0
QSWPIAMQGRDIVAIAKTGSGKTLGYL, 0
QWRRIRVWVIR, 1
ERVEMVRDELPHISTHG, 0
QWLFSDEEFKP, 0
DGFKGGVKVCKSKAEA, 0
DASILTFSGPVKVFES, 0
DELELSGDEIIFPTDIGCYTLGIEPPYSAADYLLSMGSSIGTS, 0
ASGTKAFWHRRLEDVPQGFSLVLAHEFFDAL, 0
DRDEAMSYVDEVNDMLQGRMSRDQEDEIQEELDSLIREQEDEK, 0
FGKVLKLIRKIF, 1
NGKWREQLGQKFEEIRWLIEEVRHRLKITENSFEQITFMQALQ, 0
DSICNNKWFTDTSIILFL, 0
GPNNVEC, 0
AELSRELV, 0
TMTIDFMDA, 0
GRVKGHFGLINSVAFHPDGKSYSSGG, 0
KQVIDWQRAKAMSGNHKTKTVSEVLGTTKKP, 0
FYHSYSAF, 0
STTVLE, 0
HGIIIEKSPPEILLDVGGVGYELQLPMTCFYELPAVGQEATIIT, 0
SRDQAKPPSTQKWSYSFIRKHRRRYSKKTAC, 0
AQLGCNVRLIERHPVIAALLADGLQRARLDPDVRPIIE, 0
QVEVLGCELRILNRAKTPPFY, 0
GKLTRKLGWKILATGIIA, 0
VDSVSSIVLGGHGDFMLPLVKYSSVGGISIADLVKMNLITQDRV, 0
HLGGWVAAPYADVNVYLTAPLEERAKRIARRDGIS, 0
NSNIHYDDDIISSIPYHMNNSINGYRSLIYSGDHD, 0
NWFYFVINVGAMIASSVLVWIQMNVGWGWGLGVPTVAMAIAVVFF, 0
LRDLEVQAEDGTFAKLTKKEALMRSRD, 0
WGPISHANGSGPDQR, 0
RLTSYFRA, 0
DVNFDGSYRYSF, 0
FLRRIRVIVIR, 1
DSPITERI, 0
NLSSNAD, 0
TQRLQKYITERGK, 0
WLCTLSYRRVLQKTKE, 0
PDGVRGHILSFLPAKHIALTSVLSKSWLNLWKLIPILDIDD, 0
TRLDEASRKAITHGERIRECLKQDELDVLGVE, 0
VEALKEKGYTPKLSVILVGNDGASQSYVNSKKKAAEK, 0
DNQNIRIRLKAYDHRVLDNSTKE, 0
SLYQNADDCSAANPGKSAECTAAYNNALK, 0
YYKPLVYNNTYVYPWWGEAMGWAFALSSMLCVPLHL, 0
GRTGAATPVARLAPVAVAGVIVSNATLHNADQIARLDVR, 0
LGFVRSRLGALMLLQLVLGLLVWALIADTPYHLYPAYGWV, 0
PLATYKALIEMHKAGEVSFKHVVTFNMDEYVGLAAD, 0
EKLEVAREANFIVEEELLE, 0
GEPTPEALVES, 0
VKSLREGHANIQESYAAVEGGEIWLINSHIPEYF, 0
DSILTDNGATIVE, 0
RIHFMLSSYAPVISAEKAYHEQLSVAEITNSAFEPASMMAKCD, 0
RAKKFFKKPK, 1
VTADEIAGFAKAMRDNAVKIDLGEVTDTCG, 0
MSMTVSLISVTLSFIVGFSIPMIFIVICYGLMAAKIGRRGLVNSS, 0
VTSAEIVS, 0
SPAVVDRSNESIK, 0
YARVEKAEP, 0
AAREGL, 0
FAYGAILADSENDKEYRLGKKL, 0
GTVGWVGDAKLIPRKKPE, 0
LRRTLQTLEIDLDSM, 0
YVYNYHPPRLEMRLEKNGVEIPDCKQTDPSFQ, 0
DVSTLCIGQAASMGALLLTAGAKGKRYCLPNSR, 0
LCVLQGLREGG, 1
YKDLEIQMKKDEKMNMSGKKKAESERLG, 0
SVNGEISETIMGLDAMEQCFIDKTLIELDGSENKSRLGANAILAV, 0
ASEPWYSVSPGDVFPEEFRHWLCADPR, 0
PNDDKNVIVEIRGGAGGEEAALFAGV, 0
ADLPF, 0
LCVLQGLRE, 1
AEGIGLDKKDLFSSDPYYKIYKTNPNGEQL, 0
TCRRIFPYLEKTLEMRNGGNQFFMGDQ, 0
NIFNNIGSFYGSHPWHWYF, 0
NQELLAILLRTGNKEKHVLELSSYLLSHLDSLADFKKMSLQELQH, 0
QRDKL, 0
LLLLKKKKKKLLLL, 1
ESSAEEQKEMDDKVIS, 0
DPSCMKFFVPMRKGKHYAENTFGNHVLIKMLLGRGVMQKIPGE, 0
LIKKIENLPTPKDFYKNILESKIKPGVIA, 0
IKVALRAMESPLRQIVINAGE, 0
KIVALGIKIIQRTTFHGLSINFSCSKRNYELILACGIKD, 0
SKEKIGKEFKRIVQRIKDFLRNLVPRTES, 1
TTDESFE, 0
SSAACNGKEMSPTRQLRRCPGSHCLTITDVP, 0
FELLWNQKETGLDDKEETDVYSFLQMVISTTNAD, 0
HDYSRYFPIID, 0
RVAAETLTNTGLVV, 0
NETSDQE, 0
YIISPIDKHETQRSSVLKLLSISYRLVESWEFPSRSLAGGSAPRN, 0
YAECGVRILAFPCNQFGKQEPGSNEKIKEFAAGYNVKF, 0
RKAREAILENSPKAQELVNKAHHEIGKAVSKGVMHLNKGARKS, 0
EEFDARELLCTLAASYDKINVGHDYSKEVH, 0
VLLNIMYLIVETVHQ, 0
LAETLPIQVITPE, 0
VCRQLGCGSALEAGKE, 0
YPIKGYPTDMDHIISPEGMGKNDYIKTSRNLIVVTAPG, 0
PGRTASVLSGKSFSGKVEPL, 0
YERLMVVQEQVCEE, 0
KKKKKAAFAAWAAFAA, 1
AEVVLVSSGAIATGMPFLRLDDRPADLATQQAAA, 0
LPKGLDEGPLLAAIDPEKDADGLH, 0
IEPGKLS, 0
VATGLLTATLKFTGHIT, 0
PNKPVRKPLKSM, 0
TAKLVKTKASDLLYTRNDVADSDKKATIELLNRQVVN, 0
EHPAFQNELGIAALRRVLTAYAFRNP, 0
HQSYVHKILTGRADDFSGLRQRGGLSGY, 0
LLTSAASA, 0
EEGFFSARGHRPLDGGGKKKKKK, 1
RIVQRIKDFLRNLVPRTES, 1
PHSLRHAFATHLL, 0
YLFARHYGGKMVVRIEDTDIERN, 0
RTGKIGMFLLL, 0
TISGIKSLSGANLHANDLRSTAALILASLVAKGETTIN, 0
IGQVGIA, 0
KGQVLKAVVVRTRKGVRRPDGSLIRFDGNAAVLLNNQDAPIGTR, 0
LENPSGGTIVVDDEDVTALDASG, 0
VETCQHLTQEFEGEFIRQESDNVVGAIAQVAT, 0
ASLDIENTNENFSKFQTQSDKFYNLVK, 0
SERDLAASLNIHLSRNESLM, 0
KYASLMAQGNGYLGLRASHEEDYTRQ, 0
MIVLSIISLITAFTAGHTNFHVFIGGMFLFG, 0
IETLEELGADVRWASCNIFSTQDHAAAAIAANGTPV, 0
VYRDTL, 0
QGPLDMRMDLTQSINAANFVNEAE, 0
SYNNDSGSYNYRMFK, 0
VLIGMRDLDKGERQ, 0
AMPVGSKLEGFAKEFPERMFDVGIAEQHAATMAAGLATQNMKP, 0
MIVGTGCNACYMEEMQNVELVEGDEGRMCVNTEWGA, 0
QRPVGWELGCDIYAALGSVAGIGSAINNAAIAFD, 0
NWKKILGKIIKVVK, 1
VNFHVEAGSNPVYLAVLVE, 0
FLIRGVAIPSLDRKAKWAFIPKLSVGQEVVA, 0
EDDSNEDDGDHTTPAKVTDPLAPKLANNER, 0
LGDFFRKSKEKIGKEFKRIVQRIK, 1
GGLLLFLLKKRKKRKY, 1
CKRFNVP, 0
LPRITDALNSILGLVDQ, 0
ILHQLRKNDNDELVVNYRAESLRN, 0
RFRIRVRV, 1
LKISEGCNHRCSFCIIPSMRGEL, 0
YPSTHGVYEESIREICNI, 0
RTSGEIRLSNFMLWQVAYSEFVFTDVLWPDFKEDHFLQALGEFQQ, 0
AEVDPDELPEEEDEFYDH, 0
LITNRCSSV, 0
SDGRFIATLGAQVIELGPVNATI, 0
STSSSQETKETEEEPKKAKEDSLIKEVETE, 0
AGMVMKPEPWAQALESVAA, 0
FSSATVYGAEGFVVKDIHFEGLQRVAVGAALLSM, 0
ATRLGFKSANAAEEH, 0
KSYKCLHKRCR, 1
FGWLIKGAIHAGKAIHGLIHRRRH, 1
WKVFKKIEKMGRNIRNGIVKAGPAIAVLGEAKAL, 1
LLKEDNMGFSFHITTIYEGKDFDMHYQNHLES, 0
RIKIRIK, 1
LVEQGKKLFLKMHQYDVKPNL, 0
NLESRGFDRKRNPEWND, 0
APIGRACGIIVGAPASVGVLMADTALK, 0
GLAMSSRNQYLSMQERPQAAEIHRT, 0
EELSRKTLLVKNKKTGAIETAPSIPLLGVRFDIMLNPVNI, 0
GGIKDTTAGKILSGKHPERVIKMAVKRMITR, 0
REECAAKCEEDKEFTCRAFQYHSKEQQC, 0
FACPVPGCKKRYKNVN, 0
VGGLFSGDFHAYRYLSTSVLNFLTPDQIVEM, 0
WRIRIRR, 1
GSAMENEELKHCVMQDIALLKLVGL, 0
SHPSSTSNEVIEME, 0
STWQGIRAAEQLEKEGINCNLTLLFSFAQARACAEAGV, 0
ALRAAAGIQPPGYLIHESACWSDTLQRWFFLPRRASQERYS, 0
YFASLLSICHEAYE, 0
QKALEEATEKGNAEDIDRFNKRLVRATPQHNEDCKELLRLMG, 0
KKKRRKKKKEEV, 0
GQTMQCYSGIAC, 0
VELVDYLKFPAKYAEAGARA, 0
TDPYEIARYIKEAKKSTPIKA, 0
IEQLIELANYQVLSQQ, 0
EDLDFYDIIVSLKASDVNLAIEAYD, 0
SVVLTLKSHPMTILDAM, 0
TGDHMGMLATVINALALATSLRKLDID, 0
ILSILRHQNLLKELQDLAL, 1
ADKRETIQLAEHKQ, 0
ARLYREAVRKGLIRGRSIESVIAACVYAACRLLKVPRTLDEISD, 0
ELFFDYLNCIQALAGTTGSPEP, 0
RKLTCSYPGIKFNYEPDSYFDHEVSVLE, 0
TTALKAAFGGNVAVDVKVDPSLLGGLVVQ, 0
QEDLETADLAAIQQAGLRLGISTHDEHELAVA, 0
VAGSGQVHP, 0
FSITKKALIKGFINGVTLQVFLPLICY, 0
RILNGVSQLPDNLLDV, 0
LAVAGGGESS, 0
IEIHALDAFDRTALITLPADQKAAGVL, 0
WFTVLFA, 0
VPISLIKDN, 0
PIFDEENESFS, 0
DLRVVGIVSERHVISLLANVETHVKVKEIM, 0
ESKGTSCAYNTTEI, 0
FLKHTKKVDFRDIN, 0
LNLKDSGLNVIVGLYPGSKSVAKAEAAGLTVKSVADA, 0
FGQILPKKLLDYPKYG, 0
GVLRMSDEAGSDEKILAVPIEKIFSGYAHIEDID, 0
VRKTRFLPVAGGTSSVYIEVLHLTQGTCWEQMYTPGGEVRNDDVD, 0
LSLIPHIVSGVASIAKHF, 1
ATECAEPVAEAERTPLAHYFQLLLTRLMNNEEISEEAQHE, 0
PEKQRQTLIGLGLNKMHKTRELE, 0
QSKVSIFGESAGAASVSYHL, 0
VSSSDD, 0
KTCPHGKEDRVILSGTKVREMLRNGEIPPSTFSRKEVVEV, 0
MAVPKKKTSKAKRDQRRAHW, 0
EFATVPDVSVV, 0
FRGLSAKSFDGRGNYSMGVREQIIFPEIDYDKVDRVRGM, 0
TADANEAVSLSARNIPGVTVVQANGINVLDVVNHEKLLITKA, 0
VIKTITSEDVAEMHNILKNYHQHIVECHG, 0
CLCPYTSHGHCGLLSENGAFQ, 0
KKDKGLSFADLEATLGRDEVCIAALF, 0
SGEHDASN, 0
VLSNDLLQKMDAY, 0
RPRSGLALRHLISLPNTPA, 0
AADQAKDKAQDVAQNVKQGAQQAAS, 0
SLAAGAIKRKKPAFLIPIVPLSFIFTYQYDLGYGTLLQ, 0
ECLVIGALESAFKEMDLQIERERSA, 0
AGRKAAQYFERRNAP, 0
FLLKEELLRAITDCGFEHPSEVQQVCIPTAILNVDVLCQA, 0
MIVYFTVIATLGLISIVQHPEIL, 0
NSGKYDAVITLGTVIRGATTHYDYVCNEVAKGVASLSLQTDIP, 0
AHVAYIPNKKVVGLSKIPRLVEVFARRLQIQEQLTEQIA, 0
EGDLEQVTETLKVLTTVGTITPESFSKLIKYWNEATVWND, 0
NKITDFDTKLQNYLTYCK, 0
GLVANPKGEIIPRPIKASYREGLSVLEYFISTHGARKG, 0
WSNNKVLLIDQTSLPSRYTLVEIS, 0
EIISESEFPQKEVVGIIRSAVLIYCGIHG, 0
AYPSKPDN, 0
TWTQARGAEVEENLTAQDGEVDIAGDNGDVQLTLNTDDFESFTL, 0
KVVFWVKFK, 1
LPRDHPAVI, 0
VTPRRENDICEI, 0
AGTIGLGNKYFDRLPRRLVERVT, 0
TVLHITDSFTDEEMYCLLFLINGCIPRSCN, 0
VWGNPIAHSKSPYIHQLFAQQSNRRIEYAAKLGDKIAFE, 0
RRIGQIKESADNITGNRTKVKVVKNK, 0
DCPLIEGGYKALRQTAIQATWQLAQKPILLIGGCTGSGKTQ, 0
FEGRG, 0
GAGAYFFLFAKKEEKKEEKAPKVAPPEVGI, 0
HYKLPEEELERYKKEILNDNYLVVATKDTTSHVEADKANVAFETN, 0
MHVKKGDTVKVISGKDKGKQ, 0
FAIGVVGVLTRRNAIILFMCAELMLNAVNLSFV, 0
ISAASVRNSVLSSNVVV, 0
GKINGGADGEDLP, 0
LVSYSTRHPKHDMQHLLKEVDKMLQLNVDERPLICGVGLGGY, 0
RVKIRVKIRVK, 1
WDKFREHMFLSEIDNKVVAIKPMNCPCHVQIFNSKIRSYK, 0
PDHLDWHGGMEPYAAAKAKV, 0
RDTPDGRKELVLVEDEERKKKSPRLVPYASEEGLA, 0
DKTVLGEI, 0
ARYQKMQGKNVLHPMGWDAFGLPAENAAIKHKKSPYEWTKSNI, 0
RWRIRVRVIRKC, 1
IEPALVGESQNLFVLGKHSGRHAFTEKMKE, 0
EVLFSAGTFVRLEFKLQQTNCPKKDWKKPECTIKPNGRRR, 0
RLRIRWWVLRK, 1
LTARYGMDAPATGFAFNLLNLLMALDRT, 0
CGQYG, 0
RHISCRFTQIWNIPSCYNKQSDLSE, 0
PEVEVIAGTATAGIPHGAIIADKMNLPFAYI, 0
RATENDGIV, 0
TASTLVLEDLRRAYPS, 0
EGEKRRRTIEILKLRGTTHMKGEYPFTITNDG, 0
VLIESGGDNLTLTFSPALVDFFIYVIDVAAGDKIPRKNGPGIS, 0
GKEFKRIVQRIK, 1
DALAQLEAGLARRGGELFLCTQNVDDLHEKAGCRRVIHM, 0
KKLLLLLLLLLKKK, 1
RYGFRADDAKNLDEIYVNTRSQGFGDEVKRR, 0
KECLEAKGLVKESRDDKEMEL, 0
VNTTDSAVRITHIPSGQVVEC, 0
YTGTDMGTNPEDFVHAARESKS, 0
PKYGELANINLEDLK, 0
SCEGAERFARPETY, 0
DYSSIK, 0
TTAGGSMFKFIDAIRAAGGMVEHGIALFYYDIFPEARG, 0
FVTLIGLAQA, 0
IVKTPPVAIQLLEASKQKSGSAEPNRKKVAEITWEQV, 0
VLSERLGADTNSSTPGRKSLQFEMECDE, 0
RAKKFFKKLK, 1
YNKDAILLVVSNPV, 0
TIVETEAYAPGDPACHAYRKRTPRNTVMF, 0
VWLDSAARR, 0
SKQE, 0
LKLRFEFSKIKGEFLKTPEVRFRDIKLKDNRISVQR, 1
FVSRKNPRI, 0
ENDPS, 0
MPLRRSDVDTDQIIPAVYLKRVTRTGFEDGLFSAWR, 0
FIVNTNVPRSSVPEGLLSELTQQLAQATGK, 0
KSKEKIGKEFKRIVQRIKDFLRNLVPRTES, 1
ELPKVLVDAEIDQLRQQEQSRQQQSGQEEPDDLPAALFE, 0
DEIYAEDSTIENEPFVGIGAEA, 0
QWRIRVRVIKK, 1
VQASIGTKIIARSTIKAMRKNVLAKCYGGDIS, 0
FNRLKLNPNVLSPKAVQNFVPMVDEVARDFL, 0
MQVDR, 0
MGQDCKDDCDCCLNIATCNCWFGRYFCSCTFGD, 0
KAFQCNLPRVHGLGYVDF, 0
NLNDEKVRSKLSA, 0
KQKAKFMYGTSEKQFRALY, 0
IVLPLFAFSAALVAIPAIGLAELAPAFWGIALAL, 0
SSSHRASAVSASHPSTRL, 0
ILEAKR, 0
WRRKVT, 0
NARGGIHPDPVRAAQLAAHA, 0
LRSVVSELPKPMAPI, 0
ILNGAKIGENCIIGANALVTQNKEIPPNSLVLGVP, 0
VILTIYEARPNVTIDVASLCL, 0
QQAINSDLKLG, 0
LKDQPKSRY, 0
VITDTARSVPVRYEGILPDLFREGHGTVVQGRIGTDGV, 0
RIRWVILWRQV, 1
KKFFDANYDGKEYDPVAARQGQETAVAPSLVAP, 0
RVWLGTFNSAEEAARAYDAEARRIRGKKAKVNFPEAPTTAQKRR, 0
DGEVIQRAD, 0
STGKVVV, 0
LQAIAEGHGPHHFLISLGYAGWSSGQLEQEL, 0
RAHRLAACL, 0
REGSLDDSIEDSSEDYSEGNASSNWGYTF, 0
QKGREADSRGSQESRHLLSPQLVQYQCGDS, 0
MELLAPIVALEVLKVPCQV, 0
FIYVTQSCSLLPLSYSRTSMFSAPMAIREAFLVS, 0
CVLNQNIDQLVRIPGVGRKT, 0
EMAARAH, 0
KLYIVQSRPITTLKEEA, 0
TLDTVILGCTHFPLVKQELQQLLP, 0
LENPSTYVAFASSTLSETEFIRAVVQHTGCGLLL, 0
LPLTREEMADYLGLTLETVSRQVSALKRDGVIALEGK, 0
VNWKKILGKIIKVVK, 1
GVVILEGKVEEEVLLDASVEGGADT, 0
IHNWIKNNWCKSNNAPVKNADLWQKLYSELSKHTIMWK, 0
QAITSLQAIYVPADDYTDPAPATTFAHLDATT, 0
ILTLTTPPTSIANALESLLSP, 0
ARAFCAALGLPEAQSPIVPVIVGAPEAA, 0
DDSYFYKGLSE, 0
SDLTLDPVTREVTRGGRQISLTRTEFSLLEMLIANPRRV, 0
LNGAFEGKPVNGEVVTAIARRYPDLPIQIGGG, 0
HTAELPGAARIVAVRSGRLLATSFHPEVTGEK, 0
QRWLIVWRIRK, 1
GKEKDSKEKDPKVPSAKEREKEAKASGGFGK, 0
GVGNLDHLVDGIRQ, 0
ILGMLGEFKKFIARGNVLDLAVGVIIGGAFGKIVTSLTESVI, 0
LAKYKNLSISTPWAYKTYRQKFGHTYISDTESQKSSRQRVHSG, 0
QGGPLMHVIAAKAVAFGEALQPEFTTYCEQIIR, 0
PESQNSKTVSKNCSQKDKKDSKNSKKTNTEFLHT, 0
DVPDIFSEAKKALGSSVLHWGYLPSKDDYFQVLCMADVV, 0
AWEETKNVINDFLE, 0
INEDILRYMTIAVDKHEEGPSAMMQKRDRDDRPRGE, 0
TIPGTDVSRSYSPANLPNPEGRLEFLIRVLPEGRF, 0
SAVTVFYSGGNGGGGGEV, 0
FITEEAFRQMIDNNEFLEHARVFDNYYGTSRKVIEETLASGVDV, 0
RLRNMDTGAVIERTFRAGEKVESIRTDSRPMSFLYRDGDL, 0
QYYNLYVDGFMNFGYELAFYIEDKLVCVDLIDILEDGISSIYCF, 0
MEKTFVMVKPDGVQRQLIGEILLR, 0
EEGRDVLM, 0
KIIKLKASLKLL, 1
KKQKRDLHQRAYVKGYRAGMAGRSKA, 0
MALLGGMNPRPLSL, 0
PVDFDSFFAYLR, 0
KFLKNKF, 0
WSEGYTFSPANLRSDLRKLWPKAGHDYRHFCAVMEEFH, 0
SDLTINEA, 0
EPSPA, 0
NVVRMMTIHSSKGLEFPFVIYSGLSKDFNKRDLKQPVILNQQ, 0
AGPISSTGSSI, 0
AHQKPFIRKSYKCLHKRCR, 1
AFVVHDVKVVEGQKGLFVAMPSR, 0
ANPRNADDKTIQGQKSW, 0
GHGKAREVPEAIRKATESAKRNLTRVALREGRTLH, 0
VWANEAWGSYWSWDPKETWALITWIVFATYLHSRI, 0
FCLMDVSGSMDQATKDMAKRFYILLYLFLSRTYKNVEV, 0
ALEEAGAFSIVIENVYAEI, 0
SLTPAALAADLANGAKVFSGNCAACHMGGGNVVMANKTLKKEA, 0
TGSCEDFT, 0
SEMIENIQSVKAYCWEEALEKMIENFRQSELRLTRKAAYVRYFN, 0
PQATADNGDIVVARINDEATLKRFFREKDRIRLQPENSAM, 0
KTLISSINKSNEFSKININNSIENINIE, 0
GVQPKYKWWKWWKKWW, 1
TIPNNGKLQRCESVHGLIYLETSTNVMFIRNPITKSFFTLPKLD, 0
ESFDQFVILLKNTVSQMVYKHAISTV, 0
NYNCVYDCARDAYCNELCTKNGA, 0
MKPGIHPEYRKVVFHDTSVDHYFVVGSTLQTDRTI, 0
NNEKETEKFALERNWPIVNSKVYFNNQSKE, 0
KWIVIDAEGLVVGRLASIVAMR, 0
PWFRGWTGTMEKIESQRYRMYGRIEQVGPNTLEITELPARTW, 0
RIADIAKRSKAVLGWASTAQFGTDNQFIKDDAARAASI, 0
IVPKGHVLGHEITGEV, 0
IAEMF, 0
DDLDRLPTIPGSIPEPSRRPPGCRFAPRCTFAQASCVKPQ, 0
NSMISCLCREGMVDEAFELLV, 0
GVPVGYGGPHAAYMAVRDAYKRSMPGRL, 0
AMVGYRKGRYEA, 0
DKFENMGAQMVKEVASKANDAAG, 0
AGGATGGKAKAKENKTNNNNNAAGEKNLVNG, 0
GKAGTLVEVAPGYARNYLIPQGLAVKATPG, 0
LATYNVASERKAGAPGIYLSSGPHAGAKIAALGLKIRNGCSYHGV, 0
EIKFDVWDTAGQEKFGGLRDGYYINAQCGIIMFDVTS, 0
SDPTAMTVATVDEHGQPFQRIV, 0
TPEQLATVHATWP, 0
QLRRIRVWVIR, 1
NEKLSSQEYSARGMMRRYHVETVCTTDDPIDSLEYHI, 0
GGLTGQADAIKQGAARALCELSADNRKPLKTEGHLSRDPRAKER, 0
MSVPPPPKKLESEVLKRVPHSKPPFTLGQLKKAI, 0
LPRGIGHLTNLTYLGLGENLLQHLPEEIGTLENLEDLYLNDNPNL, 0
LGIRAHLVEVGVVRTPATAEVAERLC, 0
LTIEVSGIAIAYACGIRFNCPVVFAKKTSSK, 0
LNTIAVHPDG, 0
LRIAIKKSYTSNLTAKIVRCVGLIAQRCPDIYLLENFAVICKS, 0
GWEVWLDGMEITQFTYFQQAGGIDLKPVSSEITYGCERIAMY, 0
MGFTLLFLVLFSPD, 0
PGEPVRLRIAARDVSL, 0
VNRMRKSRAHNYVKKFM, 0
KGTFIGLLE, 0
TSKTKRDQRKANWKHQAALEAQKALSLGKSILTG, 0
VLYLSPETLEVLTYCCKQIPIFENLSHLTIK, 0
PEWYFLFAYAILRSIPNKLGGVLALVMS, 0
GRSSKDDNLFSEAYCTFEEDSVYNPKDADGFIKLNALRFI, 0
TAVKIAEEYGVTAVITGPWDYVSDGVRKVIVKNG, 0
KMIAALERLRQGPESTAMPAQMSA, 0
NCWNPRDYALDKHRTVDDRPYGGGP, 0
TAYQAELIASMTIEGLQGIIDAFDENVHKARGYKEQVDVA, 0
TPFQTFTDTGFPQELLD, 0
GQAKGKEYQALKPSLLGSVMESFEQVSAGADLVIVEGAGSP, 0
PVLDLAPLGIEPICYLTEEISNQLLAKY, 0
WASAGHVGFKGS, 0
CRHLDRRDEVIVSL, 0
ENERMKRMLEERQF, 0
DTVVIADCGLPIPDGVKRIDLAVEIGKPSFLEVLQ, 0
KDNIERAIKKASGSDVENYDEVRYEGYGPGGVAVIVEALTDNRNR, 0
IKVSDYGV, 0
MRLMLSLPVLVLVLAMVLEGPAPAQGTMDLDFTRHLKEFG, 0
WGRWLRKIRRWRPK, 1
GSVEKTDVWGRRRLAYEIDKKTEGIYAVIDLQATPAAVAEL, 0
DRLIAQTPLEKRDHSRLMVLDKNKQEIVHKHFYDITD, 0
PRVTFSDEVRRICLPEPSASFPPNSTVY, 0
KHLRVQNAKALYPPIQKPYPPLYF, 0
VTRSALEHAASVAGLMLTTECMITDIPEDKPAAPDMGGMGGM, 0
FWRIRIRR, 1
DHPHGGGEGKAPVGRPQPMTPWGKKARGIKTRD, 0
AKEELVEFGGRVSEVLPDSRFRVTLENGFEVWAYS, 0
MQHYPLVWLEDSFTNRVE, 0
NIYDDQGFIHFNIEA, 0
HFRTPSTHVLSEGVKKFFLETLPK, 0
QRIVSVERRAKYLLINAEVGTLISHLGMSGNLRLVELGL, 0
NASFEKDKQSILITACSARGSEEQILKC, 0
EGSAGQMWDSLRKLRALPAQTLVFCGH, 0
ADSPD, 0
KSSKSVISS, 0
CGTFNYSIIKQVKNDIKELENKGEQIKLIII, 0
NELVKCIEELCQKREELCRQIQQEEDEKQRLQNEVRQL, 0
VFLFLMIVLPL, 0
ELDT, 0
QQHEDH, 0
NASRVDPKLLELLVCPLT, 0
GKEFKRIVQRIKDFLRNLVPRTES, 1
SDIQASRIKSWADSHQIEYITSDYRDLLHDPDI, 0
LSRLLLR, 0
KEVMAKTAQLSQFDE, 0
DSKDWQKR, 0
QETEEETDDDVCVSVCMISKDG, 0
HFFHHFFHFFHHF, 1
ITTEIGVISPSEYFLAEDYHQQYLDKNPDGYCPHHSTG, 0
HYRGNAENRVQTNRVVFKPLSSE, 0
LWTFVVLFFY, 0
HCFYGIKEIVFFITIFNISIDQKTIHFRMNVF, 0
WKLFKKIGIGKFLHSAKKF, 1
LLLLKKKKKKLLLL, 1
ERKD, 0
QRIDTYAHMNGWTNGAYSLMQDQLGYSQHP, 0
AFAEEKGLPIETTKKNPYSIDQNVWGRAVETGYL, 0
HDVSARDWLTRRNGKQ, 0
GKRKNKPKMNYEKLS, 0
LMFLSRTGFKIYLAGLRSLWFFLVFAVLVQFFSSSE, 0
HSNHCIVFSPNQQQIGALLKITRRVPQMVLLGGI, 0
TTGVVTADVILKNIKLSVI, 0
IEAND, 0
KGKALNVAS, 0
RAYDLSRQLLVKIIQPGA, 0
FDCVLPTRIARNGTCMTSNGRLVIKNAKYAND, 0
YAQSEGDTG, 0
IKHFIHRFGGGRWRWRWF, 1
WKIRVRLSA, 1
TLNTVVGSISGAVP, 0
HFRSQ, 0
